{
  "mass_b": [
    3.0034893488507934e-06,
    3.0034893488507933e-05
  ],
  "period_b": [
    13.799,
    13.899000000000001
  ],
  "eccentricity_b": [
    0.0,
    0.04
  ],
  "inclination_b": [
    90
  ],
  "longnode_b": [
    0.0
  ],
  "argument_b": [
    0.0,
    360.0
  ],
  "mean_anomaly_b": [
    0.0,
    360.0
  ],
  "mass_c": [
    3.0034893488507934e-06,
    3.0034893488507933e-05
  ],
  "period_c": [
    16.186899999999998,
    16.2869
  ],
  "eccentricity_c": [
    0.0,
    0.04
  ],
  "inclination_c": [
    90
  ],
  "longnode_c": [
    0.0
  ],
  "argument_c": [
    0.0,
    360.0
  ],
  "mean_anomaly_c": [
    0.0,
    360.0
  ],
  "mass_d": [
    3.0034893488507934e-06,
    0.0012013957395403173
  ],
  "period_d": [
    40,
    600
  ],
  "eccentricity_d": [
    0.0
  ],
  "inclination_d": [
    90.0
  ],
  "longnode_d": [
    0.0
  ],
  "argument_d": [
    0.0
  ],
  "mean_anomaly_d": [
    0.0,
    360.0
  ],
  "m_star": 1.034
}